{"pose_Rx": {"0": 0.6873858484147803, "1": 0.14468601449275134, "2": 0.06211792440462023, "3": 0.03566405112236592}, "inner_perp_dist39_42_3d_pred_MLP_22_28_diff": {"0": 0.7734203731184393, "1": 0.08751084580976691, "2": 0.056038350759750194, "3": 0.02932356445025382}, "outer_perp_dist39_42_3d_pred_MLP_22_28_diff": {"0": 0.798079466364231, "1": 0.07735329108956314, "2": 0.05306581880682426, "3": 0.02511446081467812}}