{"pose_Rx": {"0": 0.6873858484147817, "1": 0.14468601449275145, "2": 0.06211792440462027, "3": 0.03566405112236606}, "inner_perp_dist39_42_3d_pred_MLP_22_28_diff": {"0": 0.6776858504824987, "1": 0.10997945122966406, "2": 0.0813523622517455, "3": 0.03762197314667653}, "outer_perp_dist39_42_3d_pred_MLP_22_28_diff": {"0": 0.6760077857795871, "1": 0.10986556216241686, "2": 0.08218545628922905, "3": 0.03689990608824601}}