{"pose_Rx": {"0": 0.6873858484147808, "1": 0.14468601449275129, "2": 0.062117924404619926, "3": 0.03566405112236584}, "inner_perp_dist39_42_3d_pred_MLP,hl=256,mse=0.34_diff": {"0": 0.6312615975646015, "1": 0.13609530489219207, "2": 0.07798277160039321, "3": 0.045714018889757006}, "outer_perp_dist39_42_3d_pred_MLP,hl=256,mse=0.34_diff": {"0": 0.6509394838242214, "1": 0.13090786512043634, "2": 0.06807744054440185, "3": 0.04295186153731597}}