{"pose_Rx": {"0": 0.6873858484147808, "1": 0.14468601449275145, "2": 0.06211792440462005, "3": 0.0356640511223658}, "inner_perp_dist39_42_3d_pred_MLP_best_model_no_features_diff": {"0": 0.6105284633754464, "1": 0.1372283065167565, "2": 0.08967588915130072, "3": 0.05266430026523411}, "outer_perp_dist39_42_3d_pred_MLP_best_model_no_features_diff": {"0": 0.6168075047043634, "1": 0.13266675549913176, "2": 0.08742969262010994, "3": 0.05324590603507776}}