{"pose_Rx": {"0": 0.6873858484147813, "1": 0.1446860144927517, "2": 0.06211792440462023, "3": 0.03566405112236594}, "inner_perp_dist39_42_3d_pred_MLP_best_model_no_features_diff": {"0": 0.5937514364130383, "1": 0.13151795353450255, "2": 0.09718024304540163, "3": 0.05129334548335223}, "outer_perp_dist39_42_3d_pred_MLP_best_model_no_features_diff": {"0": 0.5948849280566598, "1": 0.1261244091723544, "2": 0.0969766507783493, "3": 0.048722361284287294}}