{"pose_Rx": {"0": 0.6873858484147813, "1": 0.14468601449275154, "2": 0.06211792440462023, "3": 0.035664051122366}, "inner_perp_dist39_42_3d_pred_MLP_best_model_no_features_diff": {"0": 0.5937514364130393, "1": 0.13151795353450227, "2": 0.09718024304540186, "3": 0.0512933454833522}, "outer_perp_dist39_42_3d_pred_MLP_best_model_no_features_diff": {"0": 0.5948849280566605, "1": 0.12612440917235426, "2": 0.09697665077834945, "3": 0.04872236128428733}}