{
  "pose_Rx": {
    "0": 0.6873858484147811,
    "1": 0.14468601449275179,
    "2": 0.06211792440462015,
    "3": 0.03566405112236597
  },
  "inner_perp_dist39_42_3d_pred_MLP_best_model_2_diff": {
    "0": 0.7856696599202211,
    "1": 0.08710878555976176,
    "2": 0.04816939935022851,
    "3": 0.025420957551621656
  },
  "outer_perp_dist39_42_3d_pred_MLP_best_model_2_diff": {
    "0": 0.8046621749736829,
    "1": 0.0792538109981886,
    "2": 0.04587246347390984,
    "3": 0.02299210010117263
  }
}