{"pose_Rx": {"0": 0.6873858484147806, "1": 0.1446860144927516, "2": 0.06211792440462023, "3": 0.03566405112236597}, "inner_perp_dist39_42_3d_pred_MLP_best_model_2_diff": {"0": 0.7856696599202211, "1": 0.08710878555976169, "2": 0.04816939935022853, "3": 0.02542095755162154}, "outer_perp_dist39_42_3d_pred_MLP_best_model_2_diff": {"0": 0.8046621749736812, "1": 0.07925381099818851, "2": 0.04587246347390981, "3": 0.022992100101172693}}