{"pose_Rx": {"0": 0.6873858484147806, "1": 0.1446860144927517, "2": 0.06211792440462005, "3": 0.03566405112236592}, "inner_perp_dist39_42_3d_pred_MLP_best_model_diff": {"0": 0.8102053851478757, "1": 0.0761723444475317, "2": 0.04438622563284785, "3": 0.022924600445251495}, "outer_perp_dist39_42_3d_pred_MLP_best_model_diff": {"0": 0.8260628468376655, "1": 0.06702289332893974, "2": 0.03992420189776073, "3": 0.022295278880832096}}